Baustein_ID	Fracht_ID	Perspektive_Typ	Akteur_Sender	Akteur_Empfaenger	Ursache_Kontext	Dialog_Forderung	Dialog_Drohung
SB01	F1	Macht_Druck	{FISHWORKS_LEITER}	{GANG}	Die Schwarzflotte hat Frischfisch angelandet, der Kühlhausspeicher droht auszufallen.	Schafft den Frischefisch sofort vom Anleger ins Werk!	Wenn die Fracht am Kai vergammelt, lässt {BOSS} euch am Kran aufknüpfen.
SB02	F1	Angst_Verderb	{FISHWORKS_LEITER}	{BEWOHNER}	Die feuchte Tropenhitze lässt die Fische am Steg bereits weich werden.	Bringt den Fang umgehend mit der 'Frost-Festung' zu Kalanga Fishworks Nord!	Wenn das Stinken anfängt, streicht {BOSS} euch die Fischrationen.
SB03	F2	Export_Zwang	{BOSS}	{FISHWORKS_LEITER}	Ein Frachter liegt in Bulan Bay auf Reede und wartet auf die Konserven-Kisten.	Verladet die Fischkonserven im 'Alpen-Kasten' und schickt sie zum Hafen!	Verpasst das Schiff nicht, sonst landet {FISHWORKS_LEITER} selbst in der Presse.
SB04	F2	Guerilla_Gefahr	{FISHWORKS_LEITER}	{GANG}	Späher um {REBELLEN_CHEF} wollen die fertigen Konserven für ihre Kämpfer abfangen.	Schafft die Fischkonserven im 'Alpen-Kasten' mit bewaffneter Eskorte nach Port Varan Nord!	Wenn Wokong die Konserven in die Finger kriegt, zahlt ihr den Schaden mit Blut.
SB05	F3	Hygiene_Gefahr	{FISHWORKS_LEITER}	{NUSSSAMMLER}	Die Fliegenplage an den Kalanga-Südgleisen macht die Arbeit unerträglich.	Rangiert die Fischabfälle mit dem 'Niederbord kurz' sofort weg nach Port Varan Süd!	Wenn der Gestank rüber nach Baraki Palms zieht, hetzt die {GANG} Hunde auf euch.
SB06	F3	Geruchs_Umladung	{POLITIKER}	{FISHWORKS_LEITER}	Bürgermeister Washington beschwert sich über Verwesungsgeruch nahe den Wohnbaracken.	Bringt die Fischabfälle im 'Niederbord kurz' weg von Kalanga Fishworks Süd!	Schafft den Gestank fort, bevor die Siedler einen Aufstand gegen {BOSS} proben.
SB07	F4	Ausbeutung	{BOSS}	{KOOPERATIVE_CHEF}	Die Lagerhallen in Baraki Palms benötigen Nachschub an frischen Kokosnüssen.	Hole die Kokosnüsse im 'Kisten Kasten' von Port Varan Süd und bring sie zu {KOOPERATIVE_CHEF}!	Liefert {KOOPERATIVE_CHEF} nicht pünktlich, brennt die {GANG} die nächsten Palmeras nieder.
SB08	F4	Hungersnot	{KOOPERATIVE_CHEF}	{BEWOHNER}	Die eintreffenden Schiffe haben keine Nahrung gebracht, die Nusssammler sind entkräftet.	Schafft frische Kokosnüsse im 'Kisten Kasten' nach Baraki Palms!	Wenn wir die Nüsse nicht verarbeiten, haben die {NUSSSAMMLER} heute Nacht nichts zu essen.
SB09	F5	Prozess_Kette	{KOOPERATIVE_CHEF}	{FISHWORKS_LEITER}	Das gepresste Speiseöl ist abfüllbereit, um die Fischkonserven anzureichern.	Transportiere das Speiseöl im 'Kessel' von Baraki Palms nach Kalanga Fishworks Nord!	Achtung: Falls ihr 'SHELL' nutzt, verlangt {FISHWORKS_LEITER} vorher eine Spülfahrt mit Reinigungsmittel!
SB10	F5	Terror_Erpressung	{BOSS}	{FISHWORKS_LEITER}	Wayan jammert wegen fehlendem Öl für die Konservenherstellung.	Bringe das Kokosöl aus Baraki Palms umgehend zu Kalanga Fishworks Nord!	Wenn der Fisch ohne Öl verfällt, schicke ich die {GANG} zu deinen Fischhallen.
SB11	F6	Tausch_Geschäft	{KOOPERATIVE_CHEF}	{POLITIKER}	Händler an der Bulan Bay fordern Kopra-Kuchen als Viehfutter im Tausch gegen Werkzeug.	Fahre den Kopra-Kuchen in 'Gedeckte Tonne' von Baraki Palms nach Port Varan Nord!	Ohne das Futter verweigern die Küstenhändler die Ersatzteile für unsere Ölmühlen.
SB12	F7	Brennstoff_Mangel	{KOOPERATIVE_CHEF}	{NUSSSAMMLER}	Die Trockenöfen in Baraki Palms kühlen ab, das Kokosöl droht zu stocken.	Rangiere Nussfasern & Holz im 'Niederbord kurz' intern vom Lager zu den Öfen in Baraki Palms!	Wenn die Öfen erkalten, ruiniert das die gesamte Tagesausbeute der {NUSSSAMMLER}.
SB13	F8	Kaltblütige_Chemie	{KOCH}	{GANG}	Im Stollen-Labor droht der chemische Syntheseprozess mangels Säuren zu kippen.	Liefert die Roh-Chemikalien im 'Kessel-VTG' exakt an Oshira Stollen Küche!	Keine Experimente! Wer den VTG-Kessel verunreinigt, probiert Heidelbergs Restchemikalien.
SB14	F8	Explosions_Gefahr	{KOCH}	{BEWOHNER}	Die gelieferten Lösungsmittel dünsten bei der feuchten Tropenhitze gefährlich aus.	Befördere die Chemikalien im 'Kessel-VTG' umgehend von Port Varan Nord zum Stollen!	Trödelt nicht! Eine Funkenbildung am Fahrgestell und der ganze Zug fliegt euch um die Ohren.
SB15	F9	Schmuggel_Stealth	{KOCH}	{BOSS}	Die Reinstware ist verpackt und muss verdeckt vor den Guerillas abtransportiert werden.	Schmuggelt das Meth in 'Gedeckte Tonne' von Oshira Stollen Küche nach Port Varan Nord!	Wenn Wokongs Leute die Ladung abfangen, rollt bei der {GANG} mehr als nur ein Kopf.
SB16	F9	Habgier_Eile	{BOSS}	{GANG}	Ein U-Boot der Schmuggler wartet vor der Küste auf die Drogenfracht.	Schaff das kristalline Meth im 'Gedeckte Tonne' sofort von Oshira Stollen Küche nach Port Varan Nord!	Wenn das Boot ohne Ware abtaucht, ziehe ich euch den Lohn von den Knochen.
SB17	F10	Altlast_Gift	{KOCH}	{POLITIKER}	Die Bunkertanks laufen über, ätzendes Abwasser bedroht das Grundwasser.	Schafft das Labor-Abwasser im 'Kessel-VTG' schleunigst nach Port Varan Süd!	Bürgermeister Washington wird schweigen, sonst landet der Unrat in seinem Trinkbrunnen.
SB18	F11	Energie_Sicherheit	{KOOPERATIVE_CHEF}	{NUSSSAMMLER}	Der Hauptgenerator in Baraki Palms stottert, das Solardach reicht nicht aus.	Bringe den 'SHELL'-Kesselwagen mit Treibstoff von Port Varan Nord nach Baraki Palms!	Ohne Strom stehen die Ölmühlen still und die {GANG} fordert blutige Strafabgaben.
SB19	F12	Sabotage_Notfall	{REBELLEN_CHEF}	{KOCH}	Wokongs Guerillas haben die Hauptstromleitung zum Oshira Stollen gekappt.	Fahre Bunker-Diesel im 'SHELL' von Port Varan Nord nach Oshira Stollen Abstellung!	Bringt den Diesel für die Notaggregate, bevor Heidelberg im Dunkeln die Nerven verliert.
SB20	F13	Reinigung_Pflicht	{FISHWORKS_LEITER}	{GANG}	Der Kesselwagen 'SHELL' stinkt nach Diesel und muss vor dem Öl-Transport gespült werden.	Transportiere Reinigungsmittel im 'Kessel-VTG' von Port Varan Nord nach Kalanga Fishworks Nord!	Ohne Spülung kein Speiseöl! Wayan weigert sich sonst, die Wagen anzunehmen.
SB21	F14	Guerilla_Schutz	{GANG}	{REBELLEN_CHEF}	Späher der Rebellen um Wokong wurden an den Berghängen gesichtet.	Verlege die Wachgruppe im 'Personenwagen' von Port Varan Süd nach Oshira Stollen Küche!	Besetzt die Zugspitze mit Wachen, bevor Wokong den Zug an den Klippen entgleisen lässt.
SB22	F15	Schichtwechsel	{KOOPERATIVE_CHEF}	{BEWOHNER}	Die Nusssammler in Baraki Palms brauchen Ablösung nach der 16-Stunden-Schicht.	Befördere die Arbeiter im 'Personenwagen' von Port Varan Süd nach Baraki Palms!	Sorgt für den Wechsel, bevor die entkräfteten Arbeiter vor der Ölmühle kollabieren.